# num of blocks, maximum endTime
41,0.0
# id, name, peinfo, startTime, endTime
1,offset_rate210_Gain,1,0.0,0.0
2,offset_rate210_Gain1,0,0.0,0.0
3,offset_rate210_Gain10,0,0.0,0.0
4,offset_rate210_Gain2,0,0.0,0.0
5,offset_rate210_Gain3,0,0.0,0.0
6,offset_rate210_Gain4,0,0.0,0.0
7,offset_rate210_Gain5,0,0.0,0.0
8,offset_rate210_Gain6,0,0.0,0.0
9,offset_rate210_Gain7,0,0.0,0.0
10,offset_rate210_Gain8,0,0.0,0.0
11,offset_rate210_Gain9,0,0.0,0.0
12,offset_rate210_MathFunction1,0,0.0,0.0
13,offset_rate210_MathFunction10,0,0.0,0.0
14,offset_rate210_MathFunction2,0,0.0,0.0
15,offset_rate210_MathFunction3,0,0.0,0.0
16,offset_rate210_MathFunction4,0,0.0,0.0
17,offset_rate210_MathFunction5,0,0.0,0.0
18,offset_rate210_MathFunction6,0,0.0,0.0
19,offset_rate210_MathFunction7,0,0.0,0.0
20,offset_rate210_MathFunction8,0,0.0,0.0
21,offset_rate210_MathFunction9,0,0.0,0.0
22,offset_rate210_S_Function,0,0.0,0.0
23,offset_rate210_S_Function1,0,0.0,0.0
24,offset_rate210_S_Function2,0,0.0,0.0
25,offset_rate210_S_Function3,0,0.0,0.0
26,offset_rate210_S_Function4,0,0.0,0.0
27,offset_rate210_Sqrt1,0,0.0,0.0
28,offset_rate210_Sqrt2,0,0.0,0.0
29,offset_rate210_Sqrt3,0,0.0,0.0
30,offset_rate210_Sqrt4,0,0.0,0.0
31,offset_rate210_Sqrt5,0,0.0,0.0
32,offset_rate210_Sum,1,0.0,0.0
33,offset_rate210_UnitDelay,0,0.0,0.0
33,offset_rate210_UnitDelay[task],0,0.0,0.0
33,offset_rate210_UnitDelay[update],0,0.0,0.0
34,offset_rate210_UnitDelay1,1,0.0,0.0
34,offset_rate210_UnitDelay1[task],1,0.0,0.0
34,offset_rate210_UnitDelay1[update],1,0.0,0.0
35,offset_rate210_UnitDelay2,0,0.0,0.0
35,offset_rate210_UnitDelay2[task],0,0.0,0.0
35,offset_rate210_UnitDelay2[update],0,0.0,0.0
